--
-- PostgreSQL database dump
--

-- Dumped from database version 14.10
-- Dumped by pg_dump version 14.10

SET statement_timeout = 0;
SET lock_timeout = 0;
SET idle_in_transaction_session_timeout = 0;
SET client_encoding = 'UTF8';
SET standard_conforming_strings = on;
SELECT pg_catalog.set_config('search_path', '', false);
SET check_function_bodies = false;
SET xmloption = content;
SET client_min_messages = warning;
SET row_security = off;

SET default_tablespace = '';

SET default_table_access_method = heap;

--
-- Name: auth_group; Type: TABLE; Schema: public; Owner: postgres
--

CREATE TABLE public.auth_group (
    id integer NOT NULL,
    name character varying(150) NOT NULL
);


ALTER TABLE public.auth_group OWNER TO postgres;

--
-- Name: auth_group_id_seq; Type: SEQUENCE; Schema: public; Owner: postgres
--

ALTER TABLE public.auth_group ALTER COLUMN id ADD GENERATED BY DEFAULT AS IDENTITY (
    SEQUENCE NAME public.auth_group_id_seq
    START WITH 1
    INCREMENT BY 1
    NO MINVALUE
    NO MAXVALUE
    CACHE 1
);


--
-- Name: auth_group_permissions; Type: TABLE; Schema: public; Owner: postgres
--

CREATE TABLE public.auth_group_permissions (
    id bigint NOT NULL,
    group_id integer NOT NULL,
    permission_id integer NOT NULL
);


ALTER TABLE public.auth_group_permissions OWNER TO postgres;

--
-- Name: auth_group_permissions_id_seq; Type: SEQUENCE; Schema: public; Owner: postgres
--

ALTER TABLE public.auth_group_permissions ALTER COLUMN id ADD GENERATED BY DEFAULT AS IDENTITY (
    SEQUENCE NAME public.auth_group_permissions_id_seq
    START WITH 1
    INCREMENT BY 1
    NO MINVALUE
    NO MAXVALUE
    CACHE 1
);


--
-- Name: auth_permission; Type: TABLE; Schema: public; Owner: postgres
--

CREATE TABLE public.auth_permission (
    id integer NOT NULL,
    name character varying(255) NOT NULL,
    content_type_id integer NOT NULL,
    codename character varying(100) NOT NULL
);


ALTER TABLE public.auth_permission OWNER TO postgres;

--
-- Name: auth_permission_id_seq; Type: SEQUENCE; Schema: public; Owner: postgres
--

ALTER TABLE public.auth_permission ALTER COLUMN id ADD GENERATED BY DEFAULT AS IDENTITY (
    SEQUENCE NAME public.auth_permission_id_seq
    START WITH 1
    INCREMENT BY 1
    NO MINVALUE
    NO MAXVALUE
    CACHE 1
);


--
-- Name: auth_user; Type: TABLE; Schema: public; Owner: postgres
--

CREATE TABLE public.auth_user (
    id integer NOT NULL,
    password character varying(128) NOT NULL,
    last_login timestamp with time zone,
    is_superuser boolean NOT NULL,
    username character varying(150) NOT NULL,
    first_name character varying(150) NOT NULL,
    last_name character varying(150) NOT NULL,
    email character varying(254) NOT NULL,
    is_staff boolean NOT NULL,
    is_active boolean NOT NULL,
    date_joined timestamp with time zone NOT NULL
);


ALTER TABLE public.auth_user OWNER TO postgres;

--
-- Name: auth_user_groups; Type: TABLE; Schema: public; Owner: postgres
--

CREATE TABLE public.auth_user_groups (
    id bigint NOT NULL,
    user_id integer NOT NULL,
    group_id integer NOT NULL
);


ALTER TABLE public.auth_user_groups OWNER TO postgres;

--
-- Name: auth_user_groups_id_seq; Type: SEQUENCE; Schema: public; Owner: postgres
--

ALTER TABLE public.auth_user_groups ALTER COLUMN id ADD GENERATED BY DEFAULT AS IDENTITY (
    SEQUENCE NAME public.auth_user_groups_id_seq
    START WITH 1
    INCREMENT BY 1
    NO MINVALUE
    NO MAXVALUE
    CACHE 1
);


--
-- Name: auth_user_id_seq; Type: SEQUENCE; Schema: public; Owner: postgres
--

ALTER TABLE public.auth_user ALTER COLUMN id ADD GENERATED BY DEFAULT AS IDENTITY (
    SEQUENCE NAME public.auth_user_id_seq
    START WITH 1
    INCREMENT BY 1
    NO MINVALUE
    NO MAXVALUE
    CACHE 1
);


--
-- Name: auth_user_user_permissions; Type: TABLE; Schema: public; Owner: postgres
--

CREATE TABLE public.auth_user_user_permissions (
    id bigint NOT NULL,
    user_id integer NOT NULL,
    permission_id integer NOT NULL
);


ALTER TABLE public.auth_user_user_permissions OWNER TO postgres;

--
-- Name: auth_user_user_permissions_id_seq; Type: SEQUENCE; Schema: public; Owner: postgres
--

ALTER TABLE public.auth_user_user_permissions ALTER COLUMN id ADD GENERATED BY DEFAULT AS IDENTITY (
    SEQUENCE NAME public.auth_user_user_permissions_id_seq
    START WITH 1
    INCREMENT BY 1
    NO MINVALUE
    NO MAXVALUE
    CACHE 1
);


--
-- Name: django_admin_log; Type: TABLE; Schema: public; Owner: postgres
--

CREATE TABLE public.django_admin_log (
    id integer NOT NULL,
    action_time timestamp with time zone NOT NULL,
    object_id text,
    object_repr character varying(200) NOT NULL,
    action_flag smallint NOT NULL,
    change_message text NOT NULL,
    content_type_id integer,
    user_id integer NOT NULL,
    CONSTRAINT django_admin_log_action_flag_check CHECK ((action_flag >= 0))
);


ALTER TABLE public.django_admin_log OWNER TO postgres;

--
-- Name: django_admin_log_id_seq; Type: SEQUENCE; Schema: public; Owner: postgres
--

ALTER TABLE public.django_admin_log ALTER COLUMN id ADD GENERATED BY DEFAULT AS IDENTITY (
    SEQUENCE NAME public.django_admin_log_id_seq
    START WITH 1
    INCREMENT BY 1
    NO MINVALUE
    NO MAXVALUE
    CACHE 1
);


--
-- Name: django_content_type; Type: TABLE; Schema: public; Owner: postgres
--

CREATE TABLE public.django_content_type (
    id integer NOT NULL,
    app_label character varying(100) NOT NULL,
    model character varying(100) NOT NULL
);


ALTER TABLE public.django_content_type OWNER TO postgres;

--
-- Name: django_content_type_id_seq; Type: SEQUENCE; Schema: public; Owner: postgres
--

ALTER TABLE public.django_content_type ALTER COLUMN id ADD GENERATED BY DEFAULT AS IDENTITY (
    SEQUENCE NAME public.django_content_type_id_seq
    START WITH 1
    INCREMENT BY 1
    NO MINVALUE
    NO MAXVALUE
    CACHE 1
);


--
-- Name: django_migrations; Type: TABLE; Schema: public; Owner: postgres
--

CREATE TABLE public.django_migrations (
    id bigint NOT NULL,
    app character varying(255) NOT NULL,
    name character varying(255) NOT NULL,
    applied timestamp with time zone NOT NULL
);


ALTER TABLE public.django_migrations OWNER TO postgres;

--
-- Name: django_migrations_id_seq; Type: SEQUENCE; Schema: public; Owner: postgres
--

ALTER TABLE public.django_migrations ALTER COLUMN id ADD GENERATED BY DEFAULT AS IDENTITY (
    SEQUENCE NAME public.django_migrations_id_seq
    START WITH 1
    INCREMENT BY 1
    NO MINVALUE
    NO MAXVALUE
    CACHE 1
);


--
-- Name: django_session; Type: TABLE; Schema: public; Owner: postgres
--

CREATE TABLE public.django_session (
    session_key character varying(40) NOT NULL,
    session_data text NOT NULL,
    expire_date timestamp with time zone NOT NULL
);


ALTER TABLE public.django_session OWNER TO postgres;

--
-- Name: uav_renteduavs; Type: TABLE; Schema: public; Owner: postgres
--

CREATE TABLE public.uav_renteduavs (
    id bigint NOT NULL,
    startdate timestamp with time zone NOT NULL,
    enddate timestamp with time zone NOT NULL,
    user_id integer NOT NULL
);


ALTER TABLE public.uav_renteduavs OWNER TO postgres;

--
-- Name: uav_renteduavs_id_seq; Type: SEQUENCE; Schema: public; Owner: postgres
--

ALTER TABLE public.uav_renteduavs ALTER COLUMN id ADD GENERATED BY DEFAULT AS IDENTITY (
    SEQUENCE NAME public.uav_renteduavs_id_seq
    START WITH 1
    INCREMENT BY 1
    NO MINVALUE
    NO MAXVALUE
    CACHE 1
);


--
-- Name: uav_renteduavs_uavs; Type: TABLE; Schema: public; Owner: postgres
--

CREATE TABLE public.uav_renteduavs_uavs (
    id bigint NOT NULL,
    renteduavs_id bigint NOT NULL,
    uav_id bigint NOT NULL
);


ALTER TABLE public.uav_renteduavs_uavs OWNER TO postgres;

--
-- Name: uav_renteduavs_uavs_id_seq; Type: SEQUENCE; Schema: public; Owner: postgres
--

ALTER TABLE public.uav_renteduavs_uavs ALTER COLUMN id ADD GENERATED BY DEFAULT AS IDENTITY (
    SEQUENCE NAME public.uav_renteduavs_uavs_id_seq
    START WITH 1
    INCREMENT BY 1
    NO MINVALUE
    NO MAXVALUE
    CACHE 1
);


--
-- Name: uav_uav; Type: TABLE; Schema: public; Owner: postgres
--

CREATE TABLE public.uav_uav (
    id bigint NOT NULL,
    model_name character varying(100) NOT NULL,
    manufacturer character varying(100) NOT NULL,
    uav_type character varying(50) NOT NULL,
    weight double precision NOT NULL,
    dimensions_length double precision NOT NULL,
    dimensions_width double precision NOT NULL,
    dimensions_height double precision NOT NULL,
    max_speed double precision NOT NULL,
    range double precision NOT NULL,
    endurance double precision NOT NULL,
    payload_capacity double precision NOT NULL,
    communication_range double precision NOT NULL,
    navigation_system character varying(100) NOT NULL,
    camera_imaging_system character varying(100) NOT NULL,
    operating_altitude double precision NOT NULL,
    takeoff_landing_method character varying(100) NOT NULL,
    control_interface character varying(100) NOT NULL,
    special_features text NOT NULL,
    rent_price_per_hour double precision NOT NULL,
    company_id integer NOT NULL
);


ALTER TABLE public.uav_uav OWNER TO postgres;

--
-- Name: uav_uav_id_seq; Type: SEQUENCE; Schema: public; Owner: postgres
--

ALTER TABLE public.uav_uav ALTER COLUMN id ADD GENERATED BY DEFAULT AS IDENTITY (
    SEQUENCE NAME public.uav_uav_id_seq
    START WITH 1
    INCREMENT BY 1
    NO MINVALUE
    NO MAXVALUE
    CACHE 1
);


--
-- Data for Name: auth_group; Type: TABLE DATA; Schema: public; Owner: postgres
--

COPY public.auth_group (id, name) FROM stdin;
\.


--
-- Data for Name: auth_group_permissions; Type: TABLE DATA; Schema: public; Owner: postgres
--

COPY public.auth_group_permissions (id, group_id, permission_id) FROM stdin;
\.


--
-- Data for Name: auth_permission; Type: TABLE DATA; Schema: public; Owner: postgres
--

COPY public.auth_permission (id, name, content_type_id, codename) FROM stdin;
1	Can add log entry	1	add_logentry
2	Can change log entry	1	change_logentry
3	Can delete log entry	1	delete_logentry
4	Can view log entry	1	view_logentry
5	Can add permission	2	add_permission
6	Can change permission	2	change_permission
7	Can delete permission	2	delete_permission
8	Can view permission	2	view_permission
9	Can add group	3	add_group
10	Can change group	3	change_group
11	Can delete group	3	delete_group
12	Can view group	3	view_group
13	Can add user	4	add_user
14	Can change user	4	change_user
15	Can delete user	4	delete_user
16	Can view user	4	view_user
17	Can add content type	5	add_contenttype
18	Can change content type	5	change_contenttype
19	Can delete content type	5	delete_contenttype
20	Can view content type	5	view_contenttype
21	Can add session	6	add_session
22	Can change session	6	change_session
23	Can delete session	6	delete_session
24	Can view session	6	view_session
25	Can add UAV	7	add_uav
26	Can change UAV	7	change_uav
27	Can delete UAV	7	delete_uav
28	Can view UAV	7	view_uav
29	Can add rented ua vs	8	add_renteduavs
30	Can change rented ua vs	8	change_renteduavs
31	Can delete rented ua vs	8	delete_renteduavs
32	Can view rented ua vs	8	view_renteduavs
\.


--
-- Data for Name: auth_user; Type: TABLE DATA; Schema: public; Owner: postgres
--

COPY public.auth_user (id, password, last_login, is_superuser, username, first_name, last_name, email, is_staff, is_active, date_joined) FROM stdin;
3	pbkdf2_sha256$720000$E29Q7C6Y2wVapsWtlvCTsc$/YOvhb/ze8DlIYz5bv371bHVOhDE8MzPi8AvwNizujE=	2024-03-17 23:04:53.5009+00	f	dji				f	t	2024-03-17 22:42:34.826697+00
2	pbkdf2_sha256$720000$AwvzqguG7ivjgMjRCvIFOy$8CpKW7tWIgVwKD47H1OQSXzKmJkTNfrU99GRMPwBzQM=	2024-03-17 23:19:54.06831+00	f	baykar				f	t	2024-03-17 22:42:13.701196+00
1	pbkdf2_sha256$720000$CII1SqkNoh8d1dnfk15Yjy$7oBJ/ZMFhDaxTDJwG8dN+H5rbmEGBKqoNuP2oC7aDO0=	2024-03-17 23:55:30.450837+00	t	admin				t	t	2024-03-17 22:33:11.773578+00
4	pbkdf2_sha256$720000$t0fJJWbO8XrJ2CN7oupfzH$qskoVTGFNeulWvvkNxg8fDw7cb4sRj6IHCAkNORwK0o=	2024-03-18 00:07:27.557935+00	f	emre				f	t	2024-03-17 23:59:49.761578+00
\.


--
-- Data for Name: auth_user_groups; Type: TABLE DATA; Schema: public; Owner: postgres
--

COPY public.auth_user_groups (id, user_id, group_id) FROM stdin;
\.


--
-- Data for Name: auth_user_user_permissions; Type: TABLE DATA; Schema: public; Owner: postgres
--

COPY public.auth_user_user_permissions (id, user_id, permission_id) FROM stdin;
\.


--
-- Data for Name: django_admin_log; Type: TABLE DATA; Schema: public; Owner: postgres
--

COPY public.django_admin_log (id, action_time, object_id, object_repr, action_flag, change_message, content_type_id, user_id) FROM stdin;
1	2024-03-17 22:42:14.013438+00	2	baykar	1	[{"added": {}}]	4	1
2	2024-03-17 22:42:35.134922+00	3	dji	1	[{"added": {}}]	4	1
3	2024-03-17 22:44:21.198667+00	1	DJI Phantom 4 Pro	1	[{"added": {}}]	7	1
4	2024-03-17 22:45:56.623744+00	2	DJI Mavic Air 2	1	[{"added": {}}]	7	1
5	2024-03-17 23:59:50.100101+00	4	emre	1	[{"added": {}}]	4	1
6	2024-03-18 00:00:10.212739+00	1	emre	1	[{"added": {}}]	8	1
\.


--
-- Data for Name: django_content_type; Type: TABLE DATA; Schema: public; Owner: postgres
--

COPY public.django_content_type (id, app_label, model) FROM stdin;
1	admin	logentry
2	auth	permission
3	auth	group
4	auth	user
5	contenttypes	contenttype
6	sessions	session
7	uav	uav
8	uav	renteduavs
\.


--
-- Data for Name: django_migrations; Type: TABLE DATA; Schema: public; Owner: postgres
--

COPY public.django_migrations (id, app, name, applied) FROM stdin;
1	contenttypes	0001_initial	2024-03-17 22:32:54.197773+00
2	auth	0001_initial	2024-03-17 22:32:54.281593+00
3	admin	0001_initial	2024-03-17 22:32:54.302034+00
4	admin	0002_logentry_remove_auto_add	2024-03-17 22:32:54.307046+00
5	admin	0003_logentry_add_action_flag_choices	2024-03-17 22:32:54.312041+00
6	contenttypes	0002_remove_content_type_name	2024-03-17 22:32:54.321961+00
7	auth	0002_alter_permission_name_max_length	2024-03-17 22:32:54.326968+00
8	auth	0003_alter_user_email_max_length	2024-03-17 22:32:54.33097+00
9	auth	0004_alter_user_username_opts	2024-03-17 22:32:54.334975+00
10	auth	0005_alter_user_last_login_null	2024-03-17 22:32:54.33896+00
11	auth	0006_require_contenttypes_0002	2024-03-17 22:32:54.340552+00
12	auth	0007_alter_validators_add_error_messages	2024-03-17 22:32:54.343565+00
13	auth	0008_alter_user_username_max_length	2024-03-17 22:32:54.3538+00
14	auth	0009_alter_user_last_name_max_length	2024-03-17 22:32:54.35879+00
15	auth	0010_alter_group_name_max_length	2024-03-17 22:32:54.36379+00
16	auth	0011_update_proxy_permissions	2024-03-17 22:32:54.367792+00
17	auth	0012_alter_user_first_name_max_length	2024-03-17 22:32:54.371789+00
18	sessions	0001_initial	2024-03-17 22:32:54.385586+00
19	uav	0001_initial	2024-03-17 22:39:59.682704+00
20	uav	0002_renteduavs	2024-03-17 23:55:16.624667+00
\.


--
-- Data for Name: django_session; Type: TABLE DATA; Schema: public; Owner: postgres
--

COPY public.django_session (session_key, session_data, expire_date) FROM stdin;
5g0l4vlxiurcmszvrheh9af3t3z69yrv	.eJxVjDsOwjAQBe_iGlmOP2svJT1nsNY_HEC2FCcV4u4QKQW0b2bei3na1uq3kRc_J3Zmmp1-t0DxkdsO0p3arfPY27rMge8KP-jg157y83K4fweVRv3WUwFnBIJGxEyQgoNEBbKwRqObXJIhKDRWEUqIqEiK4gxYCBZkMZK9P8iBNuU:1rm0XH:9J_SkO1P8L_WowRoAG-tPUZlYeUlefgKhWqlNj1Xgq4	2024-04-01 00:07:27.559948+00
\.


--
-- Data for Name: uav_renteduavs; Type: TABLE DATA; Schema: public; Owner: postgres
--

COPY public.uav_renteduavs (id, startdate, enddate, user_id) FROM stdin;
6	2024-02-29 21:00:00+00	2024-03-20 21:00:00+00	4
7	2024-03-05 21:00:00+00	2024-04-03 21:00:00+00	4
\.


--
-- Data for Name: uav_renteduavs_uavs; Type: TABLE DATA; Schema: public; Owner: postgres
--

COPY public.uav_renteduavs_uavs (id, renteduavs_id, uav_id) FROM stdin;
\.


--
-- Data for Name: uav_uav; Type: TABLE DATA; Schema: public; Owner: postgres
--

COPY public.uav_uav (id, model_name, manufacturer, uav_type, weight, dimensions_length, dimensions_width, dimensions_height, max_speed, range, endurance, payload_capacity, communication_range, navigation_system, camera_imaging_system, operating_altitude, takeoff_landing_method, control_interface, special_features, rent_price_per_hour, company_id) FROM stdin;
1	DJI Phantom 4 Pro	DJI	Kuadrokopter	1.38	0.29	0.29	0.19	72	7	30	1	7	GPS	4K kamera	6000	Dikey	Uzaktan kumanda	Engel algılama, Aktif Takip	1000	3
2	DJI Mavic Air 2	DJI	Kuadrokopter	0.57	0.18	0.18	0.08	68	18	34	0.57	10	4K kamera	5000	5000	Dikey	Uzaktan kumanda	Engel algılama, Aktif Takip, Hızlı Çekimler	500	3
4	Bayraktar TB2	Baykar	Taktik İnsansız Hava Aracı	1211	114	134	34	3243	234	234	234	213	GPS/GLONASS	4K kamera	4524	Pist	Uzaktan kumanda	sdvcsmdal,vşi	502000	2
\.


--
-- Name: auth_group_id_seq; Type: SEQUENCE SET; Schema: public; Owner: postgres
--

SELECT pg_catalog.setval('public.auth_group_id_seq', 1, false);


--
-- Name: auth_group_permissions_id_seq; Type: SEQUENCE SET; Schema: public; Owner: postgres
--

SELECT pg_catalog.setval('public.auth_group_permissions_id_seq', 1, false);


--
-- Name: auth_permission_id_seq; Type: SEQUENCE SET; Schema: public; Owner: postgres
--

SELECT pg_catalog.setval('public.auth_permission_id_seq', 32, true);


--
-- Name: auth_user_groups_id_seq; Type: SEQUENCE SET; Schema: public; Owner: postgres
--

SELECT pg_catalog.setval('public.auth_user_groups_id_seq', 1, false);


--
-- Name: auth_user_id_seq; Type: SEQUENCE SET; Schema: public; Owner: postgres
--

SELECT pg_catalog.setval('public.auth_user_id_seq', 4, true);


--
-- Name: auth_user_user_permissions_id_seq; Type: SEQUENCE SET; Schema: public; Owner: postgres
--

SELECT pg_catalog.setval('public.auth_user_user_permissions_id_seq', 1, false);


--
-- Name: django_admin_log_id_seq; Type: SEQUENCE SET; Schema: public; Owner: postgres
--

SELECT pg_catalog.setval('public.django_admin_log_id_seq', 6, true);


--
-- Name: django_content_type_id_seq; Type: SEQUENCE SET; Schema: public; Owner: postgres
--

SELECT pg_catalog.setval('public.django_content_type_id_seq', 8, true);


--
-- Name: django_migrations_id_seq; Type: SEQUENCE SET; Schema: public; Owner: postgres
--

SELECT pg_catalog.setval('public.django_migrations_id_seq', 20, true);


--
-- Name: uav_renteduavs_id_seq; Type: SEQUENCE SET; Schema: public; Owner: postgres
--

SELECT pg_catalog.setval('public.uav_renteduavs_id_seq', 7, true);


--
-- Name: uav_renteduavs_uavs_id_seq; Type: SEQUENCE SET; Schema: public; Owner: postgres
--

SELECT pg_catalog.setval('public.uav_renteduavs_uavs_id_seq', 1, true);


--
-- Name: uav_uav_id_seq; Type: SEQUENCE SET; Schema: public; Owner: postgres
--

SELECT pg_catalog.setval('public.uav_uav_id_seq', 4, true);


--
-- Name: auth_group auth_group_name_key; Type: CONSTRAINT; Schema: public; Owner: postgres
--

ALTER TABLE ONLY public.auth_group
    ADD CONSTRAINT auth_group_name_key UNIQUE (name);


--
-- Name: auth_group_permissions auth_group_permissions_group_id_permission_id_0cd325b0_uniq; Type: CONSTRAINT; Schema: public; Owner: postgres
--

ALTER TABLE ONLY public.auth_group_permissions
    ADD CONSTRAINT auth_group_permissions_group_id_permission_id_0cd325b0_uniq UNIQUE (group_id, permission_id);


--
-- Name: auth_group_permissions auth_group_permissions_pkey; Type: CONSTRAINT; Schema: public; Owner: postgres
--

ALTER TABLE ONLY public.auth_group_permissions
    ADD CONSTRAINT auth_group_permissions_pkey PRIMARY KEY (id);


--
-- Name: auth_group auth_group_pkey; Type: CONSTRAINT; Schema: public; Owner: postgres
--

ALTER TABLE ONLY public.auth_group
    ADD CONSTRAINT auth_group_pkey PRIMARY KEY (id);


--
-- Name: auth_permission auth_permission_content_type_id_codename_01ab375a_uniq; Type: CONSTRAINT; Schema: public; Owner: postgres
--

ALTER TABLE ONLY public.auth_permission
    ADD CONSTRAINT auth_permission_content_type_id_codename_01ab375a_uniq UNIQUE (content_type_id, codename);


--
-- Name: auth_permission auth_permission_pkey; Type: CONSTRAINT; Schema: public; Owner: postgres
--

ALTER TABLE ONLY public.auth_permission
    ADD CONSTRAINT auth_permission_pkey PRIMARY KEY (id);


--
-- Name: auth_user_groups auth_user_groups_pkey; Type: CONSTRAINT; Schema: public; Owner: postgres
--

ALTER TABLE ONLY public.auth_user_groups
    ADD CONSTRAINT auth_user_groups_pkey PRIMARY KEY (id);


--
-- Name: auth_user_groups auth_user_groups_user_id_group_id_94350c0c_uniq; Type: CONSTRAINT; Schema: public; Owner: postgres
--

ALTER TABLE ONLY public.auth_user_groups
    ADD CONSTRAINT auth_user_groups_user_id_group_id_94350c0c_uniq UNIQUE (user_id, group_id);


--
-- Name: auth_user auth_user_pkey; Type: CONSTRAINT; Schema: public; Owner: postgres
--

ALTER TABLE ONLY public.auth_user
    ADD CONSTRAINT auth_user_pkey PRIMARY KEY (id);


--
-- Name: auth_user_user_permissions auth_user_user_permissions_pkey; Type: CONSTRAINT; Schema: public; Owner: postgres
--

ALTER TABLE ONLY public.auth_user_user_permissions
    ADD CONSTRAINT auth_user_user_permissions_pkey PRIMARY KEY (id);


--
-- Name: auth_user_user_permissions auth_user_user_permissions_user_id_permission_id_14a6b632_uniq; Type: CONSTRAINT; Schema: public; Owner: postgres
--

ALTER TABLE ONLY public.auth_user_user_permissions
    ADD CONSTRAINT auth_user_user_permissions_user_id_permission_id_14a6b632_uniq UNIQUE (user_id, permission_id);


--
-- Name: auth_user auth_user_username_key; Type: CONSTRAINT; Schema: public; Owner: postgres
--

ALTER TABLE ONLY public.auth_user
    ADD CONSTRAINT auth_user_username_key UNIQUE (username);


--
-- Name: django_admin_log django_admin_log_pkey; Type: CONSTRAINT; Schema: public; Owner: postgres
--

ALTER TABLE ONLY public.django_admin_log
    ADD CONSTRAINT django_admin_log_pkey PRIMARY KEY (id);


--
-- Name: django_content_type django_content_type_app_label_model_76bd3d3b_uniq; Type: CONSTRAINT; Schema: public; Owner: postgres
--

ALTER TABLE ONLY public.django_content_type
    ADD CONSTRAINT django_content_type_app_label_model_76bd3d3b_uniq UNIQUE (app_label, model);


--
-- Name: django_content_type django_content_type_pkey; Type: CONSTRAINT; Schema: public; Owner: postgres
--

ALTER TABLE ONLY public.django_content_type
    ADD CONSTRAINT django_content_type_pkey PRIMARY KEY (id);


--
-- Name: django_migrations django_migrations_pkey; Type: CONSTRAINT; Schema: public; Owner: postgres
--

ALTER TABLE ONLY public.django_migrations
    ADD CONSTRAINT django_migrations_pkey PRIMARY KEY (id);


--
-- Name: django_session django_session_pkey; Type: CONSTRAINT; Schema: public; Owner: postgres
--

ALTER TABLE ONLY public.django_session
    ADD CONSTRAINT django_session_pkey PRIMARY KEY (session_key);


--
-- Name: uav_renteduavs uav_renteduavs_pkey; Type: CONSTRAINT; Schema: public; Owner: postgres
--

ALTER TABLE ONLY public.uav_renteduavs
    ADD CONSTRAINT uav_renteduavs_pkey PRIMARY KEY (id);


--
-- Name: uav_renteduavs_uavs uav_renteduavs_uavs_pkey; Type: CONSTRAINT; Schema: public; Owner: postgres
--

ALTER TABLE ONLY public.uav_renteduavs_uavs
    ADD CONSTRAINT uav_renteduavs_uavs_pkey PRIMARY KEY (id);


--
-- Name: uav_renteduavs_uavs uav_renteduavs_uavs_renteduavs_id_uav_id_0d9ca1cd_uniq; Type: CONSTRAINT; Schema: public; Owner: postgres
--

ALTER TABLE ONLY public.uav_renteduavs_uavs
    ADD CONSTRAINT uav_renteduavs_uavs_renteduavs_id_uav_id_0d9ca1cd_uniq UNIQUE (renteduavs_id, uav_id);


--
-- Name: uav_uav uav_uav_pkey; Type: CONSTRAINT; Schema: public; Owner: postgres
--

ALTER TABLE ONLY public.uav_uav
    ADD CONSTRAINT uav_uav_pkey PRIMARY KEY (id);


--
-- Name: auth_group_name_a6ea08ec_like; Type: INDEX; Schema: public; Owner: postgres
--

CREATE INDEX auth_group_name_a6ea08ec_like ON public.auth_group USING btree (name varchar_pattern_ops);


--
-- Name: auth_group_permissions_group_id_b120cbf9; Type: INDEX; Schema: public; Owner: postgres
--

CREATE INDEX auth_group_permissions_group_id_b120cbf9 ON public.auth_group_permissions USING btree (group_id);


--
-- Name: auth_group_permissions_permission_id_84c5c92e; Type: INDEX; Schema: public; Owner: postgres
--

CREATE INDEX auth_group_permissions_permission_id_84c5c92e ON public.auth_group_permissions USING btree (permission_id);


--
-- Name: auth_permission_content_type_id_2f476e4b; Type: INDEX; Schema: public; Owner: postgres
--

CREATE INDEX auth_permission_content_type_id_2f476e4b ON public.auth_permission USING btree (content_type_id);


--
-- Name: auth_user_groups_group_id_97559544; Type: INDEX; Schema: public; Owner: postgres
--

CREATE INDEX auth_user_groups_group_id_97559544 ON public.auth_user_groups USING btree (group_id);


--
-- Name: auth_user_groups_user_id_6a12ed8b; Type: INDEX; Schema: public; Owner: postgres
--

CREATE INDEX auth_user_groups_user_id_6a12ed8b ON public.auth_user_groups USING btree (user_id);


--
-- Name: auth_user_user_permissions_permission_id_1fbb5f2c; Type: INDEX; Schema: public; Owner: postgres
--

CREATE INDEX auth_user_user_permissions_permission_id_1fbb5f2c ON public.auth_user_user_permissions USING btree (permission_id);


--
-- Name: auth_user_user_permissions_user_id_a95ead1b; Type: INDEX; Schema: public; Owner: postgres
--

CREATE INDEX auth_user_user_permissions_user_id_a95ead1b ON public.auth_user_user_permissions USING btree (user_id);


--
-- Name: auth_user_username_6821ab7c_like; Type: INDEX; Schema: public; Owner: postgres
--

CREATE INDEX auth_user_username_6821ab7c_like ON public.auth_user USING btree (username varchar_pattern_ops);


--
-- Name: django_admin_log_content_type_id_c4bce8eb; Type: INDEX; Schema: public; Owner: postgres
--

CREATE INDEX django_admin_log_content_type_id_c4bce8eb ON public.django_admin_log USING btree (content_type_id);


--
-- Name: django_admin_log_user_id_c564eba6; Type: INDEX; Schema: public; Owner: postgres
--

CREATE INDEX django_admin_log_user_id_c564eba6 ON public.django_admin_log USING btree (user_id);


--
-- Name: django_session_expire_date_a5c62663; Type: INDEX; Schema: public; Owner: postgres
--

CREATE INDEX django_session_expire_date_a5c62663 ON public.django_session USING btree (expire_date);


--
-- Name: django_session_session_key_c0390e0f_like; Type: INDEX; Schema: public; Owner: postgres
--

CREATE INDEX django_session_session_key_c0390e0f_like ON public.django_session USING btree (session_key varchar_pattern_ops);


--
-- Name: uav_renteduavs_uavs_renteduavs_id_f105aac7; Type: INDEX; Schema: public; Owner: postgres
--

CREATE INDEX uav_renteduavs_uavs_renteduavs_id_f105aac7 ON public.uav_renteduavs_uavs USING btree (renteduavs_id);


--
-- Name: uav_renteduavs_uavs_uav_id_42d5c3d0; Type: INDEX; Schema: public; Owner: postgres
--

CREATE INDEX uav_renteduavs_uavs_uav_id_42d5c3d0 ON public.uav_renteduavs_uavs USING btree (uav_id);


--
-- Name: uav_renteduavs_user_id_62195b08; Type: INDEX; Schema: public; Owner: postgres
--

CREATE INDEX uav_renteduavs_user_id_62195b08 ON public.uav_renteduavs USING btree (user_id);


--
-- Name: uav_uav_company_id_e2a5c9a6; Type: INDEX; Schema: public; Owner: postgres
--

CREATE INDEX uav_uav_company_id_e2a5c9a6 ON public.uav_uav USING btree (company_id);


--
-- Name: auth_group_permissions auth_group_permissio_permission_id_84c5c92e_fk_auth_perm; Type: FK CONSTRAINT; Schema: public; Owner: postgres
--

ALTER TABLE ONLY public.auth_group_permissions
    ADD CONSTRAINT auth_group_permissio_permission_id_84c5c92e_fk_auth_perm FOREIGN KEY (permission_id) REFERENCES public.auth_permission(id) DEFERRABLE INITIALLY DEFERRED;


--
-- Name: auth_group_permissions auth_group_permissions_group_id_b120cbf9_fk_auth_group_id; Type: FK CONSTRAINT; Schema: public; Owner: postgres
--

ALTER TABLE ONLY public.auth_group_permissions
    ADD CONSTRAINT auth_group_permissions_group_id_b120cbf9_fk_auth_group_id FOREIGN KEY (group_id) REFERENCES public.auth_group(id) DEFERRABLE INITIALLY DEFERRED;


--
-- Name: auth_permission auth_permission_content_type_id_2f476e4b_fk_django_co; Type: FK CONSTRAINT; Schema: public; Owner: postgres
--

ALTER TABLE ONLY public.auth_permission
    ADD CONSTRAINT auth_permission_content_type_id_2f476e4b_fk_django_co FOREIGN KEY (content_type_id) REFERENCES public.django_content_type(id) DEFERRABLE INITIALLY DEFERRED;


--
-- Name: auth_user_groups auth_user_groups_group_id_97559544_fk_auth_group_id; Type: FK CONSTRAINT; Schema: public; Owner: postgres
--

ALTER TABLE ONLY public.auth_user_groups
    ADD CONSTRAINT auth_user_groups_group_id_97559544_fk_auth_group_id FOREIGN KEY (group_id) REFERENCES public.auth_group(id) DEFERRABLE INITIALLY DEFERRED;


--
-- Name: auth_user_groups auth_user_groups_user_id_6a12ed8b_fk_auth_user_id; Type: FK CONSTRAINT; Schema: public; Owner: postgres
--

ALTER TABLE ONLY public.auth_user_groups
    ADD CONSTRAINT auth_user_groups_user_id_6a12ed8b_fk_auth_user_id FOREIGN KEY (user_id) REFERENCES public.auth_user(id) DEFERRABLE INITIALLY DEFERRED;


--
-- Name: auth_user_user_permissions auth_user_user_permi_permission_id_1fbb5f2c_fk_auth_perm; Type: FK CONSTRAINT; Schema: public; Owner: postgres
--

ALTER TABLE ONLY public.auth_user_user_permissions
    ADD CONSTRAINT auth_user_user_permi_permission_id_1fbb5f2c_fk_auth_perm FOREIGN KEY (permission_id) REFERENCES public.auth_permission(id) DEFERRABLE INITIALLY DEFERRED;


--
-- Name: auth_user_user_permissions auth_user_user_permissions_user_id_a95ead1b_fk_auth_user_id; Type: FK CONSTRAINT; Schema: public; Owner: postgres
--

ALTER TABLE ONLY public.auth_user_user_permissions
    ADD CONSTRAINT auth_user_user_permissions_user_id_a95ead1b_fk_auth_user_id FOREIGN KEY (user_id) REFERENCES public.auth_user(id) DEFERRABLE INITIALLY DEFERRED;


--
-- Name: django_admin_log django_admin_log_content_type_id_c4bce8eb_fk_django_co; Type: FK CONSTRAINT; Schema: public; Owner: postgres
--

ALTER TABLE ONLY public.django_admin_log
    ADD CONSTRAINT django_admin_log_content_type_id_c4bce8eb_fk_django_co FOREIGN KEY (content_type_id) REFERENCES public.django_content_type(id) DEFERRABLE INITIALLY DEFERRED;


--
-- Name: django_admin_log django_admin_log_user_id_c564eba6_fk_auth_user_id; Type: FK CONSTRAINT; Schema: public; Owner: postgres
--

ALTER TABLE ONLY public.django_admin_log
    ADD CONSTRAINT django_admin_log_user_id_c564eba6_fk_auth_user_id FOREIGN KEY (user_id) REFERENCES public.auth_user(id) DEFERRABLE INITIALLY DEFERRED;


--
-- Name: uav_renteduavs_uavs uav_renteduavs_uavs_renteduavs_id_f105aac7_fk_uav_renteduavs_id; Type: FK CONSTRAINT; Schema: public; Owner: postgres
--

ALTER TABLE ONLY public.uav_renteduavs_uavs
    ADD CONSTRAINT uav_renteduavs_uavs_renteduavs_id_f105aac7_fk_uav_renteduavs_id FOREIGN KEY (renteduavs_id) REFERENCES public.uav_renteduavs(id) DEFERRABLE INITIALLY DEFERRED;


--
-- Name: uav_renteduavs_uavs uav_renteduavs_uavs_uav_id_42d5c3d0_fk_uav_uav_id; Type: FK CONSTRAINT; Schema: public; Owner: postgres
--

ALTER TABLE ONLY public.uav_renteduavs_uavs
    ADD CONSTRAINT uav_renteduavs_uavs_uav_id_42d5c3d0_fk_uav_uav_id FOREIGN KEY (uav_id) REFERENCES public.uav_uav(id) DEFERRABLE INITIALLY DEFERRED;


--
-- Name: uav_renteduavs uav_renteduavs_user_id_62195b08_fk_auth_user_id; Type: FK CONSTRAINT; Schema: public; Owner: postgres
--

ALTER TABLE ONLY public.uav_renteduavs
    ADD CONSTRAINT uav_renteduavs_user_id_62195b08_fk_auth_user_id FOREIGN KEY (user_id) REFERENCES public.auth_user(id) DEFERRABLE INITIALLY DEFERRED;


--
-- Name: uav_uav uav_uav_company_id_e2a5c9a6_fk_auth_user_id; Type: FK CONSTRAINT; Schema: public; Owner: postgres
--

ALTER TABLE ONLY public.uav_uav
    ADD CONSTRAINT uav_uav_company_id_e2a5c9a6_fk_auth_user_id FOREIGN KEY (company_id) REFERENCES public.auth_user(id) DEFERRABLE INITIALLY DEFERRED;


--
-- PostgreSQL database dump complete
--

